id;name;username;password;authorid;email
1;orchestration circuit;withdrawal Montana;Account invoice;functionalities;Albin_Lang46@yahoo.com
2;Awesome;Customer mobile;Orchard Guatemala quantifying;upward-trending Creek;Jaclyn.Moore@hotmail.com
3;XSS copying Metal;Car Concrete synergy;blue Singapore;tolerance;Sarai_Botsford26@gmail.com
4;Court blue;matrix multi-byte;Rubber;Analyst navigate;Keagan_Roberts@gmail.com
5;Shirt monitoring full-range;Consultant;Designer;pixel Granite area;Cayla.Toy25@gmail.com
6;Refined back;Fish Rwanda;protocol open-source Account;Cambridgeshire;Erika.Rice@hotmail.com
7;Small cross-platform;Plastic Program PNG;haptic bandwidth Facilitator;Market;Pietro_Erdman9@hotmail.com
8;Oregon Games;Administrator panel;reintermediate;e-commerce AGP rich;Ismael87@gmail.com
9;open-source Account violet;Chicken Brand;adapter;Islands card EXE;Hilton55@yahoo.com
10;scalable transmit;bandwidth-monitored;Buckinghamshire;Wells optimize global;Seamus54@yahoo.com
